id;path_norm;sha_256;size_bytes;mtime;storage_uri;first_seen_at;last_seen_at
1;../fake-data/blob/hipster.txt;and than alert;11953;2025-11-07T18:32:27;../fake-data/blob/hipster.txt;2025-11-08T03:26:29;2025-11-08T01:16:54
2;../fake-data/blob/hipster.txt;er ughXXXX;18904;2025-11-07T04:51:56;../fake-data/blob/hipster.txt;2025-11-07T23:51:06;2025-11-08T03:24:00
3;../fake-data/blob/hipster.txt;declaration;5956;2025-11-07T19:47:46;../fake-data/blob/hipster.txt;2025-11-07T14:35:50;2025-11-07T18:56:11
4;../fake-data/blob/hipster.txt;scarper amused;22892;2025-11-08T02:25:57;../fake-data/blob/hipster.txt;2025-11-07T23:35:33;2025-11-07T19:30:31
5;../fake-data/blob/hipster.txt;shadowyXXX;9853;2025-11-07T22:14:06;../fake-data/blob/hipster.txt;2025-11-07T14:14:28;2025-11-07T14:30:25
6;../fake-data/blob/hipster.txt;gee fiercely wherever;19536;2025-11-07T12:53:12;../fake-data/blob/hipster.txt;2025-11-08T03:45:27;2025-11-07T13:44:20
7;../fake-data/blob/hipster.txt;like closely;4565;2025-11-07T17:13:48;../fake-data/blob/hipster.txt;2025-11-07T03:52:25;2025-11-07T12:25:46
8;../fake-data/blob/hipster.txt;heroine quizzically;10014;2025-11-07T21:08:57;../fake-data/blob/hipster.txt;2025-11-07T22:18:02;2025-11-07T20:32:44
9;../fake-data/blob/hipster.txt;woot instantly however;15288;2025-11-07T20:56:49;../fake-data/blob/hipster.txt;2025-11-07T18:50:34;2025-11-07T17:10:18
10;../fake-data/blob/hipster.txt;wonderfully but;22340;2025-11-07T04:24:33;../fake-data/blob/hipster.txt;2025-11-07T04:58:01;2025-11-07T18:43:54
