id;document_id;title;author;lang;pages
1;almighty amused chapel;boohoo;general fooey right;scar singe;5447
2;svelte pliers;brace;appropriate jaunty;excepting sermon;14249
3;fabricate programme nor;quick;fellow;until;12021
4;pishXXXXXX;accidentally why when;pivot fooey;step-mother;28640
5;woot preside vaguely;quaver;desk scrape;critical;9922
6;unbearably thoroughly;wriggler putrefy phooey;dreamily;meh;28004
7;outside reassemble because;request;beneath;bootleg lock san;13125
8;neat gruesome;industrialize egg greatly;round;although tidy;14650
9;mmm supposing;uneven;comfortable drat oof;oddly multicolor;24540
10;satirize uh-huh;frizzy;knowingly inside about;to during;23945
