id;run_id;document_id;topic;payload;created_at
1;6cedec83-af4b-4e8e-a8e6-1117e1eb1d39;save;commandeer infamous needily;../fake-data/blob/hipster.txt;2025-11-07T06:08:32
2;cbe91522-dc3b-4ec7-a063-b79e3dde1168;cutlet;meh;../fake-data/blob/hipster.txt;2025-11-07T18:19:01
3;edb72ec8-d719-4e48-9e91-2e5bafc08a55;redound subexpression;since husky whether;../fake-data/blob/hipster.txt;2025-11-07T23:35:55
4;55c8b7b2-274a-41fa-97d5-2cbc6df21a6c;vision brisk which;for from flame;../fake-data/blob/hipster.txt;2025-11-07T23:19:05
5;9a44a916-4454-4417-87a2-0cf336a59e11;outfit digit times;partial apud unbearably;../fake-data/blob/hipster.txt;2025-11-07T05:57:59
6;0509416a-7d77-4f27-baed-8b3897066ac4;boo back;where likewise sternly;../fake-data/blob/hipster.txt;2025-11-07T15:34:17
7;a448ccd6-d3b6-4c2d-84c0-ea6e6a1ae130;yum;likewise;../fake-data/blob/hipster.txt;2025-11-07T05:18:01
8;3819a186-2723-42c4-9565-866786fd2f38;institutionalize versus pilot;euphonium;../fake-data/blob/hipster.txt;2025-11-07T20:15:28
9;aa189603-6884-46f1-81c5-d1ca16eb037a;secularize;insert unimpressively tusk;../fake-data/blob/hipster.txt;2025-11-07T18:29:50
10;7dd4021b-4dca-44c5-bfa2-9f863ab3b3c8;provided;scarcely outside which;../fake-data/blob/hipster.txt;2025-11-07T22:05:46
